{
  "accuracy": [
    0.8651994466781616,
    0.8762035965919495,
    0.8971801996231079,
    0.9164373874664307,
    0.935006856918335,
    0.941884458065033,
    0.9439477324485779,
    0.9460110068321228,
    0.9535763263702393,
    0.9539202451705933,
    0.9573590159416199,
    0.9580467939376831,
    0.9566712379455566,
    0.9607977867126465,
    0.9570151567459106,
    0.9590784311294556,
    0.9583906531333923,
    0.9594222903251648,
    0.9607977867126465,
    0.9635488390922546,
    0.9628610610961914,
    0.9614855647087097,
    0.9642366170883179,
    0.9625172019004822,
    0.9635488390922546,
    0.9635488390922546,
    0.9638926982879639,
    0.9635488390922546,
    0.9625172019004822,
    0.9656121134757996,
    0.9669876098632812,
    0.9673315286636353,
    0.9662998914718628,
    0.9645804762840271,
    0.9669876098632812,
    0.9687070250511169,
    0.9687070250511169,
    0.9687070250511169,
    0.9693947434425354,
    0.9704263806343079,
    0.9693947434425354,
    0.9676753878593445,
    0.9711141586303711,
    0.9687070250511169,
    0.9683631658554077,
    0.9718019366264343,
    0.9721457958221436,
    0.9704263806343079,
    0.9714580178260803,
    0.9693947434425354,
    0.9707702994346619,
    0.9724896550178528,
    0.9704263806343079,
    0.9704263806343079,
    0.9683631658554077,
    0.9704263806343079,
    0.9724896550178528,
    0.9700825214385986,
    0.9718019366264343,
    0.9707702994346619,
    0.9724896550178528,
    0.9721457958221436,
    0.9714580178260803,
    0.9704263806343079,
    0.9714580178260803,
    0.9718019366264343,
    0.9711141586303711,
    0.973177433013916,
    0.973177433013916,
    0.9718019366264343,
    0.9748968482017517,
    0.9721457958221436,
    0.9707702994346619,
    0.9728335738182068,
    0.9738652110099792,
    0.9742090702056885,
    0.9738652110099792,
    0.9724896550178528,
    0.9742090702056885,
    0.9745529294013977
  ],
  "loss": [
    0.44237008690834045,
    0.30443161725997925,
    0.24469968676567078,
    0.19660434126853943,
    0.16480277478694916,
    0.14440980553627014,
    0.13239403069019318,
    0.1296544075012207,
    0.11907974630594254,
    0.11564119905233383,
    0.10979559272527695,
    0.10832304507493973,
    0.10447250306606293,
    0.1010465994477272,
    0.09932800382375717,
    0.09723662585020065,
    0.09785102307796478,
    0.09449487924575806,
    0.09390634298324585,
    0.08960308134555817,
    0.0879913866519928,
    0.09003597497940063,
    0.08661497384309769,
    0.08541939407587051,
    0.08501454442739487,
    0.08397237211465836,
    0.08293234556913376,
    0.08181515336036682,
    0.0799112617969513,
    0.07840590924024582,
    0.07680600136518478,
    0.07595834881067276,
    0.07524895668029785,
    0.07421492785215378,
    0.07436538487672806,
    0.07313012331724167,
    0.07166889309883118,
    0.06923206150531769,
    0.06835431605577469,
    0.06939399987459183,
    0.06835310906171799,
    0.06761932373046875,
    0.06523028761148453,
    0.06729518622159958,
    0.06589382886886597,
    0.06296662986278534,
    0.06297095865011215,
    0.06331124156713486,
    0.06152600795030594,
    0.062161631882190704,
    0.06268374621868134,
    0.06067323684692383,
    0.06422256678342819,
    0.06803276389837265,
    0.060874514281749725,
    0.05867138132452965,
    0.05772747844457626,
    0.058331746608018875,
    0.05744893103837967,
    0.05820351094007492,
    0.057618893682956696,
    0.05514562502503395,
    0.05640261992812157,
    0.0609353668987751,
    0.05752897262573242,
    0.05509408935904503,
    0.056189220398664474,
    0.05544489249587059,
    0.056223537772893906,
    0.05378437042236328,
    0.0529894195497036,
    0.05546601861715317,
    0.05724554508924484,
    0.05444325506687164,
    0.05190496891736984,
    0.05314934626221657,
    0.05281878635287285,
    0.052385520190000534,
    0.05276396498084068,
    0.05222771689295769
  ]
}